ID	CharacterID	Message	Context
intro-1	Seth	The fuck you want? I'm tryna get lit in here!	Seth is the player character and is mid-crack session when he hears knocking
intro-2-start	Seth	God damn it...	Door gets smashed open by roaches and he is pissed off because he got interrupted from his session
intro-2	Seth	Wade! Pick up the fuckin' phone!	Phone call while fighting starts
intro-2	Seth	I thought that was you knockin'!
intro-2	Wade	...Huh? What the hell you on about? I was at Lou's.	Wade sounds half-asleep/groggy
intro-2	Wade	Is 12 raiding the spot or somethin'?	12 is a slang for police
intro-2	Seth	We got the big roaches again! Get your ass over here right now!
intro-2	Wade	Ah shit... can you just hold 'em off till mornin'?	They are not scared of the human-sized roaches, but they are annoyed and will clean them up the next morning
intro-2	Wade	I'm busy right now, man.
intro-2	Seth	I told your ass last week to seal that door!
intro-2	Seth	You better come clean this shit up tomorrow.	TODO: change this to avoid redundancy with end-1
intro-2	Wade	Yeah yeah... I'll swing by later.

end-1	Wade	Yo Seth! Open the gate, man!	Wade finally shows up outside at morning
end-1	Seth	Finally... you lazy piece of shit.
end-1	Seth	You better clean all this up later.
end-1	Wade	Hey come on man, easy... look what I brought.
end-1	Wade	That cyper... cybermeth, cybermethrin shit, whatever.	"cybermeth" is not random. it is Wade's intentional mangling of cypermethrin, a type of insecticide, and it caught his attention because it has "meth" in the name.
end-1	Wade	Lou gave it to me. Said it's real good for roaches.

end-2	Wade	God damn man, you look like shit.	Player reaches the gate
end-2	Wade	Was it really that bad last night?	
end-2	Seth	The fuck you think?
end-2	Seth	Get your ass in here and help me before I beat the shit outta you.